Target,Model,Test_MAE,Test_MSE,Test_RMSE,Test_R2
Revenue,Linear Regression,155284.46011220015,53672737949.53217,231673.7748419794,0.7778714718381678
Revenue,Random Forest,155391.99206592748,54275331984.93531,232970.66764924573,0.7753775926123855
Revenue,XGBoost,155547.953125,54311022592.0,233047.2539894002,0.7752299308776855
Conversions,Linear Regression,188.86656125242976,65119.589323317494,255.18540186170034,0.9127125760718985
Conversions,Random Forest,173.51168945116382,66246.7677116326,257.38447449609816,0.9112016866629533
Conversions,XGBoost,71.70280456542969,10205.01171875,101.01985804162467,0.9863210320472717
ROAS,Linear Regression,1.8995843301256337,10.796302245593706,3.2857727014499507,0.4726010873605462
ROAS,Random Forest,1.1311598812544845,3.8737052899179916,1.9681730843393808,0.8107696587855112
ROAS,XGBoost,1.1436194990328814,3.9516848554487614,1.98788451763395,0.8069603602744576
Clicks,Linear Regression,638.5332095160666,703658.1742012588,838.8433549842657,0.9313197155346846
Clicks,Random Forest,370.8203207482634,241811.51088696378,491.74333842662656,0.9763980808244626
Clicks,XGBoost,84.42310333251953,13395.65625,115.73960536480155,0.998692512512207
